<?xml version="1.0" encoding="utf-8"?>
<annotation>
<folder>dolgonosik</folder>
<filename>dolgonosik 53.jpg</filename>
<path>E:\документы\dolgonosik\images\dolgonosik 53.jpg</path>
<source>
<database>Unknown</database>
</source>
<size>
<width>404</width>
<height>303</height>
<depth>3</depth>
</size>
<segmented>0</segmented>
<object>
<name>dolgonosik</name>
<pose>Unspecified</pose>
<truncated>0</truncated>
<difficult>0</difficult>
<bndbox>
<xmin>8</xmin>
<ymin>23</ymin>
<xmax>402</xmax>
<ymax>281</ymax>
</bndbox>
</object>
</annotation>