<?xml version="1.0" encoding="utf-8"?>
<annotation>
<folder>dolgonosik</folder>
<filename>Долгоносик Liparus coronatus (Goeze, 1777) - автор фото A .....jpg</filename>
<path>E:\документы\dolgonosik\images\dolgonosik 26.jpg</path>
<source>
<database>Unknown</database>
</source>
<size>
<width>2502</width>
<height>4501</height>
<depth>3</depth>
</size>
<segmented>0</segmented>
<object>
<name>dolgonosik</name>
<pose>Unspecified</pose>
<truncated>0</truncated>
<difficult>0</difficult>
<bndbox>
<xmin>180</xmin>
<ymin>88</ymin>
<xmax>2418</xmax>
<ymax>4398</ymax>
</bndbox>
</object>
</annotation>