<?xml version="1.0" encoding="utf-8"?>
<annotation>
<folder>dolgonosik</folder>
<filename>Картинки Насекомые » Животные » Картинки 24 - скачать .....jpg</filename>
<path>E:\документы\dolgonosik\images\dolgonosik 90.jpg</path>
<source>
<database>Unknown</database>
</source>
<size>
<width>320</width>
<height>200</height>
<depth>3</depth>
</size>
<segmented>0</segmented>
<object>
<name>dolgonosik</name>
<pose>Unspecified</pose>
<truncated>0</truncated>
<difficult>0</difficult>
<bndbox>
<xmin>91</xmin>
<ymin>2</ymin>
<xmax>313</xmax>
<ymax>149</ymax>
</bndbox>
</object>
</annotation>