<?xml version="1.0" encoding="utf-8"?>
<annotation>
<folder>dolgonosik</folder>
<filename>ДОЦВЕТЕНИЯ!!!Долгоносик_яблонный_цветоед_Dolgonosik .....jpg</filename>
<path>E:\документы\dolgonosik\images\dolgonosik 66.jpg</path>
<source>
<database>Unknown</database>
</source>
<size>
<width>391</width>
<height>298</height>
<depth>3</depth>
</size>
<segmented>0</segmented>
<object>
<name>dolgonosik</name>
<pose>Unspecified</pose>
<truncated>0</truncated>
<difficult>0</difficult>
<bndbox>
<xmin>9</xmin>
<ymin>9</ymin>
<xmax>375</xmax>
<ymax>286</ymax>
</bndbox>
</object>
</annotation>