<?xml version="1.0" encoding="utf-8"?>
<annotation>
<folder>dolgonosik</folder>
<filename>Самые распространенные вредители абрикоса и эффективная .....jpg</filename>
<path>E:\документы\dolgonosik\images\dolgonosik 113.jpg</path>
<source>
<database>Unknown</database>
</source>
<size>
<width>300</width>
<height>221</height>
<depth>3</depth>
</size>
<segmented>0</segmented>
<object>
<name>dolgonosik</name>
<pose>Unspecified</pose>
<truncated>1</truncated>
<difficult>0</difficult>
<bndbox>
<xmin>6</xmin>
<ymin>11</ymin>
<xmax>288</xmax>
<ymax>221</ymax>
</bndbox>
</object>
</annotation>