<?xml version="1.0" encoding="utf-8"?>
<annotation>
<folder>dolgonosik</folder>
<filename>Долгоносик рисовый — Википедия..jpg</filename>
<path>E:\документы\dolgonosik\images\dolgonosik 52.jpg</path>
<source>
<database>Unknown</database>
</source>
<size>
<width>275</width>
<height>179</height>
<depth>3</depth>
</size>
<segmented>0</segmented>
<object>
<name>dolgonosik</name>
<pose>Unspecified</pose>
<truncated>0</truncated>
<difficult>0</difficult>
<bndbox>
<xmin>27</xmin>
<ymin>25</ymin>
<xmax>260</xmax>
<ymax>161</ymax>
</bndbox>
</object>
</annotation>