<?xml version="1.0" encoding="utf-8"?>
<annotation>
<folder>dolgonosik</folder>
<filename>Долгоносик крапивный (26 фото)..jpg</filename>
<path>E:\документы\dolgonosik\images\dolgonosik 43.jpg</path>
<source>
<database>Unknown</database>
</source>
<size>
<width>1200</width>
<height>828</height>
<depth>3</depth>
</size>
<segmented>0</segmented>
<object>
<name>dolgonosik</name>
<pose>Unspecified</pose>
<truncated>0</truncated>
<difficult>0</difficult>
<bndbox>
<xmin>67</xmin>
<ymin>106</ymin>
<xmax>1146</xmax>
<ymax>792</ymax>
</bndbox>
</object>
</annotation>