<?xml version="1.0" encoding="utf-8"?>
<annotation>
<folder>dolgonosik</folder>
<filename>dolgonosik 97.jpg</filename>
<path>E:\документы\dolgonosik\images\dolgonosik 97.jpg</path>
<source>
<database>Unknown</database>
</source>
<size>
<width>220</width>
<height>220</height>
<depth>3</depth>
</size>
<segmented>0</segmented>
<object>
<name>dolgonosik</name>
<pose>Unspecified</pose>
<truncated>0</truncated>
<difficult>0</difficult>
<bndbox>
<xmin>31</xmin>
<ymin>30</ymin>
<xmax>171</xmax>
<ymax>212</ymax>
</bndbox>
</object>
</annotation>