<?xml version="1.0" encoding="utf-8"?>
<annotation>
<folder>dolgonosik</folder>
<filename>dolgonosik 49.jpg</filename>
<path>E:\документы\dolgonosik\images\dolgonosik 49.jpg</path>
<source>
<database>Unknown</database>
</source>
<size>
<width>400</width>
<height>299</height>
<depth>3</depth>
</size>
<segmented>0</segmented>
<object>
<name>dolgonosik</name>
<pose>Unspecified</pose>
<truncated>0</truncated>
<difficult>0</difficult>
<bndbox>
<xmin>15</xmin>
<ymin>36</ymin>
<xmax>355</xmax>
<ymax>257</ymax>
</bndbox>
</object>
</annotation>