<?xml version="1.0" encoding="utf-8"?>
<annotation>
<folder>dolgonosik</folder>
<filename>длинний долгоносик шеи стоковое изображение. изображение .....jpg</filename>
<path>E:\документы\dolgonosik\images\dolgonosik 14.jpg</path>
<source>
<database>Unknown</database>
</source>
<size>
<width>1300</width>
<height>957</height>
<depth>3</depth>
</size>
<segmented>0</segmented>
<object>
<name>dolgonosik</name>
<pose>Unspecified</pose>
<truncated>0</truncated>
<difficult>0</difficult>
<bndbox>
<xmin>695</xmin>
<ymin>487</ymin>
<xmax>1034</xmax>
<ymax>741</ymax>
</bndbox>
</object>
</annotation>