<?xml version="1.0" encoding="utf-8"?>
<annotation>
<folder>dolgonosik</folder>
<filename>Долгоносик - YouTube..jpg</filename>
<path>E:\документы\dolgonosik\images\dolgonosik 16.jpg</path>
<source>
<database>Unknown</database>
</source>
<size>
<width>1280</width>
<height>720</height>
<depth>3</depth>
</size>
<segmented>0</segmented>
<object>
<name>dolgonosik</name>
<pose>Unspecified</pose>
<truncated>0</truncated>
<difficult>0</difficult>
<bndbox>
<xmin>143</xmin>
<ymin>2</ymin>
<xmax>1176</xmax>
<ymax>717</ymax>
</bndbox>
</object>
</annotation>