<?xml version="1.0" encoding="utf-8"?>
<annotation>
<folder>dolgonosik</folder>
<filename>dolgonosik 64.jpg</filename>
<path>E:\документы\dolgonosik\images\dolgonosik 64.jpg</path>
<source>
<database>Unknown</database>
</source>
<size>
<width>724</width>
<height>543</height>
<depth>3</depth>
</size>
<segmented>0</segmented>
<object>
<name>dolgonosik</name>
<pose>Unspecified</pose>
<truncated>0</truncated>
<difficult>0</difficult>
<bndbox>
<xmin>46</xmin>
<ymin>121</ymin>
<xmax>658</xmax>
<ymax>508</ymax>
</bndbox>
</object>
</annotation>