<?xml version="1.0" encoding="utf-8"?>
<annotation>
<folder>dolgonosik</folder>
<filename>dolgonosik 117.jpg</filename>
<path>E:\документы\dolgonosik\images\dolgonosik 117.jpg</path>
<source>
<database>Unknown</database>
</source>
<size>
<width>516</width>
<height>524</height>
<depth>3</depth>
</size>
<segmented>0</segmented>
<object>
<name>dolgonosik</name>
<pose>Unspecified</pose>
<truncated>1</truncated>
<difficult>0</difficult>
<bndbox>
<xmin>31</xmin>
<ymin>16</ymin>
<xmax>494</xmax>
<ymax>524</ymax>
</bndbox>
</object>
</annotation>