<?xml version="1.0" encoding="utf-8"?>
<annotation>
<folder>dolgonosik</folder>
<filename>Красный пальмовый долгоносик (Rhynchophorus ferrugineus)..jpg</filename>
<path>E:\документы\dolgonosik\images\dolgonosik 91.jpg</path>
<source>
<database>Unknown</database>
</source>
<size>
<width>1000</width>
<height>685</height>
<depth>3</depth>
</size>
<segmented>0</segmented>
<object>
<name>dolgonosik</name>
<pose>Unspecified</pose>
<truncated>0</truncated>
<difficult>0</difficult>
<bndbox>
<xmin>39</xmin>
<ymin>149</ymin>
<xmax>937</xmax>
<ymax>534</ymax>
</bndbox>
</object>
</annotation>