<?xml version="1.0" encoding="utf-8"?>
<annotation>
<folder>dolgonosik</folder>
<filename>dolgonosik 21.jpg</filename>
<path>E:\документы\dolgonosik\images\dolgonosik 21.jpg</path>
<source>
<database>Unknown</database>
</source>
<size>
<width>610</width>
<height>420</height>
<depth>3</depth>
</size>
<segmented>0</segmented>
<object>
<name>dolgonosik</name>
<pose>Unspecified</pose>
<truncated>0</truncated>
<difficult>0</difficult>
<bndbox>
<xmin>68</xmin>
<ymin>120</ymin>
<xmax>539</xmax>
<ymax>394</ymax>
</bndbox>
</object>
</annotation>