<?xml version="1.0" encoding="utf-8"?>
<annotation>
<folder>dolgonosik</folder>
<filename>dolgonosik 58.jpg</filename>
<path>E:\документы\dolgonosik\images\dolgonosik 58.jpg</path>
<source>
<database>Unknown</database>
</source>
<size>
<width>1000</width>
<height>676</height>
<depth>3</depth>
</size>
<segmented>0</segmented>
<object>
<name>dolgonosik</name>
<pose>Unspecified</pose>
<truncated>0</truncated>
<difficult>0</difficult>
<bndbox>
<xmin>345</xmin>
<ymin>33</ymin>
<xmax>939</xmax>
<ymax>644</ymax>
</bndbox>
</object>
</annotation>