<?xml version="1.0" encoding="utf-8"?>
<annotation>
<folder>dolgonosik</folder>
<filename>dolgonosik 86.jpg</filename>
<path>E:\документы\dolgonosik\images\dolgonosik 86.jpg</path>
<source>
<database>Unknown</database>
</source>
<size>
<width>1920</width>
<height>1200</height>
<depth>3</depth>
</size>
<segmented>0</segmented>
<object>
<name>dolgonosik</name>
<pose>Unspecified</pose>
<truncated>0</truncated>
<difficult>0</difficult>
<bndbox>
<xmin>293</xmin>
<ymin>157</ymin>
<xmax>1527</xmax>
<ymax>946</ymax>
</bndbox>
</object>
</annotation>