<?xml version="1.0" encoding="utf-8"?>
<annotation>
<folder>dolgonosik</folder>
<filename>dolgonosik 98.jpg</filename>
<path>E:\документы\dolgonosik\images\dolgonosik 98.jpg</path>
<source>
<database>Unknown</database>
</source>
<size>
<width>500</width>
<height>375</height>
<depth>3</depth>
</size>
<segmented>0</segmented>
<object>
<name>dolgonosik</name>
<pose>Unspecified</pose>
<truncated>0</truncated>
<difficult>0</difficult>
<bndbox>
<xmin>100</xmin>
<ymin>148</ymin>
<xmax>219</xmax>
<ymax>258</ymax>
</bndbox>
</object>
</annotation>