<?xml version="1.0" encoding="utf-8"?>
<annotation>
<folder>dolgonosik</folder>
<filename>dolgonosik 48.jpg</filename>
<path>E:\документы\dolgonosik\images\dolgonosik 48.jpg</path>
<source>
<database>Unknown</database>
</source>
<size>
<width>762</width>
<height>486</height>
<depth>3</depth>
</size>
<segmented>0</segmented>
<object>
<name>dolgonosik</name>
<pose>Unspecified</pose>
<truncated>0</truncated>
<difficult>0</difficult>
<bndbox>
<xmin>162</xmin>
<ymin>233</ymin>
<xmax>313</xmax>
<ymax>471</ymax>
</bndbox>
</object>
</annotation>