<?xml version="1.0" encoding="utf-8"?>
<annotation>
<folder>dolgonosik</folder>
<filename>Долгоносик - слоник, жук, вредитель..gif</filename>
<path>E:\документы\dolgonosik\images\dolgonosik 19.jpg</path>
<source>
<database>Unknown</database>
</source>
<size>
<width>240</width>
<height>193</height>
<depth>3</depth>
</size>
<segmented>0</segmented>
<object>
<name>dolgonosik</name>
<pose>Unspecified</pose>
<truncated>1</truncated>
<difficult>0</difficult>
<bndbox>
<xmin>62</xmin>
<ymin>1</ymin>
<xmax>210</xmax>
<ymax>180</ymax>
</bndbox>
</object>
</annotation>