<?xml version="1.0" encoding="utf-8"?>
<annotation>
<folder>dolgonosik</folder>
<filename>dolgonosik 65.jpg</filename>
<path>E:\документы\dolgonosik\images\dolgonosik 65.jpg</path>
<source>
<database>Unknown</database>
</source>
<size>
<width>1024</width>
<height>686</height>
<depth>3</depth>
</size>
<segmented>0</segmented>
<object>
<name>dolgonosik</name>
<pose>Unspecified</pose>
<truncated>0</truncated>
<difficult>0</difficult>
<bndbox>
<xmin>171</xmin>
<ymin>89</ymin>
<xmax>469</xmax>
<ymax>298</ymax>
</bndbox>
</object>
<object>
<name>dolgonosik</name>
<pose>Unspecified</pose>
<truncated>0</truncated>
<difficult>0</difficult>
<bndbox>
<xmin>126</xmin>
<ymin>189</ymin>
<xmax>612</xmax>
<ymax>578</ymax>
</bndbox>
</object>
</annotation>