<?xml version="1.0" encoding="utf-8"?>
<annotation>
<folder>dolgonosik</folder>
<filename>dolgonosik 05.jpg</filename>
<path>E:\документы\dolgonosik\images\dolgonosik 05.jpg</path>
<source>
<database>Unknown</database>
</source>
<size>
<width>947</width>
<height>676</height>
<depth>3</depth>
</size>
<segmented>0</segmented>
<object>
<name>dolgonosik</name>
<pose>Unspecified</pose>
<truncated>0</truncated>
<difficult>0</difficult>
<bndbox>
<xmin>255</xmin>
<ymin>62</ymin>
<xmax>600</xmax>
<ymax>566</ymax>
</bndbox>
</object>
</annotation>