<?xml version="1.0" encoding="utf-8"?>
<annotation>
<folder>dolgonosik</folder>
<filename>dolgonosik 103.jpg</filename>
<path>E:\документы\dolgonosik\images\dolgonosik 103.jpg</path>
<source>
<database>Unknown</database>
</source>
<size>
<width>400</width>
<height>300</height>
<depth>3</depth>
</size>
<segmented>0</segmented>
<object>
<name>dolgonosik</name>
<pose>Unspecified</pose>
<truncated>0</truncated>
<difficult>0</difficult>
<bndbox>
<xmin>78</xmin>
<ymin>81</ymin>
<xmax>291</xmax>
<ymax>253</ymax>
</bndbox>
</object>
</annotation>