<?xml version="1.0" encoding="utf-8"?>
<annotation>
<folder>dolgonosik</folder>
<filename>dolgonosik 04.jpg</filename>
<path>E:\документы\dolgonosik\images\dolgonosik 04.jpg</path>
<source>
<database>Unknown</database>
</source>
<size>
<width>300</width>
<height>200</height>
<depth>3</depth>
</size>
<segmented>0</segmented>
<object>
<name>dolgonosik</name>
<pose>Unspecified</pose>
<truncated>0</truncated>
<difficult>0</difficult>
<bndbox>
<xmin>13</xmin>
<ymin>2</ymin>
<xmax>272</xmax>
<ymax>197</ymax>
</bndbox>
</object>
</annotation>