<?xml version="1.0" encoding="utf-8"?>
<annotation>
<folder>dolgonosik</folder>
<filename>dolgonosik 94.jpg</filename>
<path>E:\документы\dolgonosik\images\dolgonosik 94.jpg</path>
<source>
<database>Unknown</database>
</source>
<size>
<width>1200</width>
<height>988</height>
<depth>3</depth>
</size>
<segmented>0</segmented>
<object>
<name>dolgonosik</name>
<pose>Unspecified</pose>
<truncated>0</truncated>
<difficult>0</difficult>
<bndbox>
<xmin>56</xmin>
<ymin>126</ymin>
<xmax>1087</xmax>
<ymax>901</ymax>
</bndbox>
</object>
</annotation>