<?xml version="1.0" encoding="utf-8"?>
<annotation>
<folder>dolgonosik</folder>
<filename>Малинно-земляничный долгоносик на Supersadovnik.ru..jpg</filename>
<path>E:\документы\dolgonosik\images\dolgonosik 95.jpg</path>
<source>
<database>Unknown</database>
</source>
<size>
<width>492</width>
<height>360</height>
<depth>3</depth>
</size>
<segmented>0</segmented>
<object>
<name>dolgonosik</name>
<pose>Unspecified</pose>
<truncated>0</truncated>
<difficult>0</difficult>
<bndbox>
<xmin>55</xmin>
<ymin>89</ymin>
<xmax>381</xmax>
<ymax>299</ymax>
</bndbox>
</object>
</annotation>