<?xml version="1.0" encoding="utf-8"?>
<annotation>
<folder>dolgonosik</folder>
<filename>dolgonosik 09.jpg</filename>
<path>E:\документы\dolgonosik\images\dolgonosik 09.jpg</path>
<source>
<database>Unknown</database>
</source>
<size>
<width>360</width>
<height>360</height>
<depth>3</depth>
</size>
<segmented>0</segmented>
<object>
<name>dolgonosik</name>
<pose>Unspecified</pose>
<truncated>0</truncated>
<difficult>0</difficult>
<bndbox>
<xmin>58</xmin>
<ymin>116</ymin>
<xmax>306</xmax>
<ymax>232</ymax>
</bndbox>
</object>
</annotation>