<?xml version="1.0" encoding="utf-8"?>
<annotation>
<folder>dolgonosik</folder>
<filename>dolgonosik 25.jpg</filename>
<path>E:\документы\dolgonosik\images\dolgonosik 25.jpg</path>
<source>
<database>Unknown</database>
</source>
<size>
<width>417</width>
<height>400</height>
<depth>3</depth>
</size>
<segmented>0</segmented>
<object>
<name>dolgonosik</name>
<pose>Unspecified</pose>
<truncated>0</truncated>
<difficult>0</difficult>
<bndbox>
<xmin>212</xmin>
<ymin>218</ymin>
<xmax>232</xmax>
<ymax>241</ymax>
</bndbox>
</object>
</annotation>