<?xml version="1.0" encoding="utf-8"?>
<annotation>
<folder>dolgonosik</folder>
<filename>dolgonosik 101.jpg</filename>
<path>E:\документы\dolgonosik\images\dolgonosik 101.jpg</path>
<source>
<database>Unknown</database>
</source>
<size>
<width>1280</width>
<height>720</height>
<depth>3</depth>
</size>
<segmented>0</segmented>
<object>
<name>dolgonosik</name>
<pose>Unspecified</pose>
<truncated>1</truncated>
<difficult>0</difficult>
<bndbox>
<xmin>97</xmin>
<ymin>86</ymin>
<xmax>1189</xmax>
<ymax>720</ymax>
</bndbox>
</object>
</annotation>