<?xml version="1.0" encoding="utf-8"?>
<annotation>
<folder>dolgonosik</folder>
<filename>Жук-трубковерт (виноградный) — виноград в задонске..jpg</filename>
<path>E:\документы\dolgonosik\images\dolgonosik 74.jpg</path>
<source>
<database>Unknown</database>
</source>
<size>
<width>1024</width>
<height>576</height>
<depth>3</depth>
</size>
<segmented>0</segmented>
<object>
<name>dolgonosik</name>
<pose>Unspecified</pose>
<truncated>0</truncated>
<difficult>0</difficult>
<bndbox>
<xmin>391</xmin>
<ymin>198</ymin>
<xmax>625</xmax>
<ymax>360</ymax>
</bndbox>
</object>
</annotation>