<?xml version="1.0" encoding="utf-8"?>
<annotation>
<folder>dolgonosik</folder>
<filename>Картинка Долгоносик на ветке » Жуки » Насекомые » Животные .....jpg</filename>
<path>E:\документы\dolgonosik\images\dolgonosik 80.jpg</path>
<source>
<database>Unknown</database>
</source>
<size>
<width>600</width>
<height>375</height>
<depth>3</depth>
</size>
<segmented>0</segmented>
<object>
<name>dolgonosik</name>
<pose>Unspecified</pose>
<truncated>1</truncated>
<difficult>0</difficult>
<bndbox>
<xmin>54</xmin>
<ymin>25</ymin>
<xmax>489</xmax>
<ymax>375</ymax>
</bndbox>
</object>
</annotation>