<?xml version="1.0" encoding="utf-8"?>
<annotation>
<folder>dolgonosik</folder>
<filename>Большой сосновый долгоносик..jpg</filename>
<path>E:\документы\dolgonosik\images\dolgonosik 07.jpg</path>
<source>
<database>Unknown</database>
</source>
<size>
<width>400</width>
<height>150</height>
<depth>3</depth>
</size>
<segmented>0</segmented>
<object>
<name>dolgonosik</name>
<pose>Unspecified</pose>
<truncated>0</truncated>
<difficult>0</difficult>
<bndbox>
<xmin>35</xmin>
<ymin>2</ymin>
<xmax>329</xmax>
<ymax>149</ymax>
</bndbox>
</object>
</annotation>