<?xml version="1.0" encoding="utf-8"?>
<annotation>
<folder>dolgonosik</folder>
<filename>dolgonosik 76.jpg</filename>
<path>E:\документы\dolgonosik\images\dolgonosik 76.jpg</path>
<source>
<database>Unknown</database>
</source>
<size>
<width>452</width>
<height>604</height>
<depth>3</depth>
</size>
<segmented>0</segmented>
<object>
<name>dolgonosik</name>
<pose>Unspecified</pose>
<truncated>1</truncated>
<difficult>0</difficult>
<bndbox>
<xmin>9</xmin>
<ymin>2</ymin>
<xmax>342</xmax>
<ymax>604</ymax>
</bndbox>
</object>
</annotation>