<?xml version="1.0" encoding="utf-8"?>
<annotation>
<folder>dolgonosik</folder>
<filename>dolgonosik 69.jpg</filename>
<path>E:\документы\dolgonosik\images\dolgonosik 69.jpg</path>
<source>
<database>Unknown</database>
</source>
<size>
<width>870</width>
<height>823</height>
<depth>3</depth>
</size>
<segmented>0</segmented>
<object>
<name>dolgonosik</name>
<pose>Unspecified</pose>
<truncated>0</truncated>
<difficult>0</difficult>
<bndbox>
<xmin>88</xmin>
<ymin>152</ymin>
<xmax>607</xmax>
<ymax>734</ymax>
</bndbox>
</object>
</annotation>