<?xml version="1.0" encoding="utf-8"?>
<annotation>
<folder>dolgonosik</folder>
<filename>Долгоносик жук насекомое. Описание, особенности, виды .....jpg</filename>
<path>E:\документы\dolgonosik\images\dolgonosik 40.jpg</path>
<source>
<database>Unknown</database>
</source>
<size>
<width>600</width>
<height>380</height>
<depth>3</depth>
</size>
<segmented>0</segmented>
<object>
<name>dolgonosik</name>
<pose>Unspecified</pose>
<truncated>0</truncated>
<difficult>0</difficult>
<bndbox>
<xmin>80</xmin>
<ymin>54</ymin>
<xmax>465</xmax>
<ymax>376</ymax>
</bndbox>
</object>
</annotation>