<?xml version="1.0" encoding="utf-8"?>
<annotation>
<folder>dolgonosik</folder>
<filename>Жук долгоносик. Как избавиться от вредителя на клубнике .....jpg</filename>
<path>E:\документы\dolgonosik\images\dolgonosik 70.jpg</path>
<source>
<database>Unknown</database>
</source>
<size>
<width>800</width>
<height>600</height>
<depth>3</depth>
</size>
<segmented>0</segmented>
<object>
<name>dolgonosik</name>
<pose>Unspecified</pose>
<truncated>0</truncated>
<difficult>0</difficult>
<bndbox>
<xmin>37</xmin>
<ymin>109</ymin>
<xmax>761</xmax>
<ymax>568</ymax>
</bndbox>
</object>
</annotation>