<?xml version="1.0" encoding="utf-8"?>
<annotation>
<folder>dolgonosik</folder>
<filename>dolgonosik 22.jpg</filename>
<path>E:\документы\dolgonosik\images\dolgonosik 22.jpg</path>
<source>
<database>Unknown</database>
</source>
<size>
<width>800</width>
<height>525</height>
<depth>3</depth>
</size>
<segmented>0</segmented>
<object>
<name>dolgonosik</name>
<pose>Unspecified</pose>
<truncated>0</truncated>
<difficult>0</difficult>
<bndbox>
<xmin>101</xmin>
<ymin>87</ymin>
<xmax>769</xmax>
<ymax>500</ymax>
</bndbox>
</object>
</annotation>