<?xml version="1.0" encoding="utf-8"?>
<annotation>
<folder>dolgonosik</folder>
<filename>Как избавиться от долгоносика на кухне..jpg</filename>
<path>E:\документы\dolgonosik\images\dolgonosik 78.jpg</path>
<source>
<database>Unknown</database>
</source>
<size>
<width>640</width>
<height>395</height>
<depth>3</depth>
</size>
<segmented>0</segmented>
<object>
<name>dolgonosik</name>
<pose>Unspecified</pose>
<truncated>0</truncated>
<difficult>0</difficult>
<bndbox>
<xmin>92</xmin>
<ymin>8</ymin>
<xmax>518</xmax>
<ymax>379</ymax>
</bndbox>
</object>
</annotation>