<?xml version="1.0" encoding="utf-8"?>
<annotation>
<folder>dolgonosik</folder>
<filename>dolgonosik 36.jpg</filename>
<path>E:\документы\dolgonosik\images\dolgonosik 36.jpg</path>
<source>
<database>Unknown</database>
</source>
<size>
<width>1200</width>
<height>840</height>
<depth>3</depth>
</size>
<segmented>0</segmented>
<object>
<name>dolgonosik</name>
<pose>Unspecified</pose>
<truncated>0</truncated>
<difficult>0</difficult>
<bndbox>
<xmin>21</xmin>
<ymin>79</ymin>
<xmax>1114</xmax>
<ymax>798</ymax>
</bndbox>
</object>
</annotation>