<?xml version="1.0" encoding="utf-8"?>
<annotation>
<folder>dolgonosik</folder>
<filename>долгоносик - Wiktionary..jpg</filename>
<path>E:\документы\dolgonosik\images\dolgonosik 15.jpg</path>
<source>
<database>Unknown</database>
</source>
<size>
<width>220</width>
<height>155</height>
<depth>3</depth>
</size>
<segmented>0</segmented>
<object>
<name>dolgonosik</name>
<pose>Unspecified</pose>
<truncated>0</truncated>
<difficult>0</difficult>
<bndbox>
<xmin>18</xmin>
<ymin>22</ymin>
<xmax>192</xmax>
<ymax>152</ymax>
</bndbox>
</object>
</annotation>