<?xml version="1.0" encoding="utf-8"?>
<annotation>
<folder>dolgonosik</folder>
<filename>Яблонный цветоед — Жук долгоносик - YouTube..jpg</filename>
<path>E:\документы\dolgonosik\images\dolgonosik 124.jpg</path>
<source>
<database>Unknown</database>
</source>
<size>
<width>480</width>
<height>360</height>
<depth>3</depth>
</size>
<segmented>0</segmented>
<object>
<name>dolgonosik</name>
<pose>Unspecified</pose>
<truncated>0</truncated>
<difficult>0</difficult>
<bndbox>
<xmin>36</xmin>
<ymin>104</ymin>
<xmax>425</xmax>
<ymax>309</ymax>
</bndbox>
</object>
</annotation>