<?xml version="1.0" encoding="utf-8"?>
<annotation>
<folder>dolgonosik</folder>
<filename>Картинка Сосновый долгоносик » Жуки » Насекомые » Животные .....jpg</filename>
<path>E:\документы\dolgonosik\images\dolgonosik 88.jpg</path>
<source>
<database>Unknown</database>
</source>
<size>
<width>1920</width>
<height>1200</height>
<depth>3</depth>
</size>
<segmented>0</segmented>
<object>
<name>dolgonosik</name>
<pose>Unspecified</pose>
<truncated>0</truncated>
<difficult>0</difficult>
<bndbox>
<xmin>191</xmin>
<ymin>212</ymin>
<xmax>1628</xmax>
<ymax>1170</ymax>
</bndbox>
</object>
</annotation>