<?xml version="1.0" encoding="utf-8"?>
<annotation>
<folder>dolgonosik</folder>
<filename>Долгоносик - слоник - Curculionidae (с изображениями .....jpg</filename>
<path>E:\документы\dolgonosik\images\dolgonosik 18.jpg</path>
<source>
<database>Unknown</database>
</source>
<size>
<width>610</width>
<height>811</height>
<depth>3</depth>
</size>
<segmented>0</segmented>
<object>
<name>dolgonosik</name>
<pose>Unspecified</pose>
<truncated>1</truncated>
<difficult>0</difficult>
<bndbox>
<xmin>5</xmin>
<ymin>2</ymin>
<xmax>610</xmax>
<ymax>811</ymax>
</bndbox>
</object>
</annotation>