<?xml version="1.0" encoding="utf-8"?>
<annotation>
<folder>dolgonosik</folder>
<filename>Твой огород » Архив сайта » Вредители лука..jpg</filename>
<path>E:\документы\dolgonosik\images\dolgonosik 116.jpg</path>
<source>
<database>Unknown</database>
</source>
<size>
<width>150</width>
<height>192</height>
<depth>3</depth>
</size>
<segmented>0</segmented>
<object>
<name>dolgonosik</name>
<pose>Unspecified</pose>
<truncated>0</truncated>
<difficult>0</difficult>
<bndbox>
<xmin>14</xmin>
<ymin>5</ymin>
<xmax>135</xmax>
<ymax>189</ymax>
</bndbox>
</object>
</annotation>