<?xml version="1.0" encoding="utf-8"?>
<annotation>
<folder>dolgonosik</folder>
<filename>dolgonosik 23.jpg</filename>
<path>E:\документы\dolgonosik\images\dolgonosik 23.jpg</path>
<source>
<database>Unknown</database>
</source>
<size>
<width>1728</width>
<height>2790</height>
<depth>3</depth>
</size>
<segmented>0</segmented>
<object>
<name>dolgonosik</name>
<pose>Unspecified</pose>
<truncated>0</truncated>
<difficult>0</difficult>
<bndbox>
<xmin>57</xmin>
<ymin>38</ymin>
<xmax>1663</xmax>
<ymax>2750</ymax>
</bndbox>
</object>
</annotation>