<?xml version="1.0" encoding="utf-8"?>
<annotation>
<folder>dolgonosik</folder>
<filename>dolgonosik 06.jpg</filename>
<path>E:\документы\dolgonosik\images\dolgonosik 06.jpg</path>
<source>
<database>Unknown</database>
</source>
<size>
<width>800</width>
<height>509</height>
<depth>3</depth>
</size>
<segmented>0</segmented>
<object>
<name>dolgonosik</name>
<pose>Unspecified</pose>
<truncated>0</truncated>
<difficult>0</difficult>
<bndbox>
<xmin>118</xmin>
<ymin>5</ymin>
<xmax>685</xmax>
<ymax>507</ymax>
</bndbox>
</object>
</annotation>