<?xml version="1.0" encoding="utf-8"?>
<annotation>
<folder>dolgonosik</folder>
<filename>Желудевый долгоносик. Самый длинноносый жук. Жуки. Видео с .....jpg</filename>
<path>E:\документы\dolgonosik\images\dolgonosik 68.jpg</path>
<source>
<database>Unknown</database>
</source>
<size>
<width>500</width>
<height>374</height>
<depth>3</depth>
</size>
<segmented>0</segmented>
<object>
<name>dolgonosik</name>
<pose>Unspecified</pose>
<truncated>0</truncated>
<difficult>0</difficult>
<bndbox>
<xmin>20</xmin>
<ymin>30</ymin>
<xmax>466</xmax>
<ymax>371</ymax>
</bndbox>
</object>
</annotation>