<?xml version="1.0" encoding="utf-8"?>
<annotation>
<folder>dolgonosik</folder>
<filename>dolgonosik 115.jpg</filename>
<path>E:\документы\dolgonosik\images\dolgonosik 115.jpg</path>
<source>
<database>Unknown</database>
</source>
<size>
<width>300</width>
<height>201</height>
<depth>3</depth>
</size>
<segmented>0</segmented>
<object>
<name>dolgonosik</name>
<pose>Unspecified</pose>
<truncated>0</truncated>
<difficult>0</difficult>
<bndbox>
<xmin>19</xmin>
<ymin>61</ymin>
<xmax>282</xmax>
<ymax>170</ymax>
</bndbox>
</object>
</annotation>