<?xml version="1.0" encoding="utf-8"?>
<annotation>
<folder>dolgonosik</folder>
<filename>dolgonosik 00.jpg</filename>
<path>E:\документы\dolgonosik\images\dolgonosik 00.jpg</path>
<source>
<database>Unknown</database>
</source>
<size>
<width>1000</width>
<height>729</height>
<depth>3</depth>
</size>
<segmented>0</segmented>
<object>
<name>dolgonosik</name>
<pose>Unspecified</pose>
<truncated>0</truncated>
<difficult>0</difficult>
<bndbox>
<xmin>338</xmin>
<ymin>256</ymin>
<xmax>604</xmax>
<ymax>456</ymax>
</bndbox>
</object>
</annotation>