<?xml version="1.0" encoding="utf-8"?>
<annotation>
<folder>dolgonosik</folder>
<filename>dolgonosik 56.jpg</filename>
<path>E:\документы\dolgonosik\images\dolgonosik 56.jpg</path>
<source>
<database>Unknown</database>
</source>
<size>
<width>275</width>
<height>146</height>
<depth>3</depth>
</size>
<segmented>0</segmented>
<object>
<name>dolgonosik</name>
<pose>Unspecified</pose>
<truncated>0</truncated>
<difficult>0</difficult>
<bndbox>
<xmin>7</xmin>
<ymin>10</ymin>
<xmax>273</xmax>
<ymax>136</ymax>
</bndbox>
</object>
</annotation>