<?xml version="1.0" encoding="utf-8"?>
<annotation>
<folder>dolgonosik</folder>
<filename>Долгоносик-жираф..jpg</filename>
<path>E:\документы\dolgonosik\images\dolgonosik 61.jpg</path>
<source>
<database>Unknown</database>
</source>
<size>
<width>1871</width>
<height>1251</height>
<depth>3</depth>
</size>
<segmented>0</segmented>
<object>
<name>dolgonosik</name>
<pose>Unspecified</pose>
<truncated>0</truncated>
<difficult>0</difficult>
<bndbox>
<xmin>681</xmin>
<ymin>261</ymin>
<xmax>1112</xmax>
<ymax>874</ymax>
</bndbox>
</object>
</annotation>