<?xml version="1.0" encoding="utf-8"?>
<annotation>
<folder>dolgonosik</folder>
<filename>dolgonosik 63.jpg</filename>
<path>E:\документы\dolgonosik\images\dolgonosik 63.jpg</path>
<source>
<database>Unknown</database>
</source>
<size>
<width>600</width>
<height>900</height>
<depth>3</depth>
</size>
<segmented>0</segmented>
<object>
<name>dolgonosik</name>
<pose>Unspecified</pose>
<truncated>0</truncated>
<difficult>0</difficult>
<bndbox>
<xmin>106</xmin>
<ymin>273</ymin>
<xmax>580</xmax>
<ymax>518</ymax>
</bndbox>
</object>
</annotation>