<?xml version="1.0" encoding="utf-8"?>
<annotation>
<folder>dolgonosik</folder>
<filename>dolgonosik 100.jpg</filename>
<path>E:\документы\dolgonosik\images\dolgonosik 100.jpg</path>
<source>
<database>Unknown</database>
</source>
<size>
<width>720</width>
<height>480</height>
<depth>3</depth>
</size>
<segmented>0</segmented>
<object>
<name>dolgonosik</name>
<pose>Unspecified</pose>
<truncated>0</truncated>
<difficult>0</difficult>
<bndbox>
<xmin>28</xmin>
<ymin>115</ymin>
<xmax>545</xmax>
<ymax>428</ymax>
</bndbox>
</object>
</annotation>