<?xml version="1.0" encoding="utf-8"?>
<annotation>
<folder>dolgonosik</folder>
<filename>dolgonosik 104.jpg</filename>
<path>E:\документы\dolgonosik\images\dolgonosik 104.jpg</path>
<source>
<database>Unknown</database>
</source>
<size>
<width>1024</width>
<height>1024</height>
<depth>3</depth>
</size>
<segmented>0</segmented>
<object>
<name>dolgonosik</name>
<pose>Unspecified</pose>
<truncated>1</truncated>
<difficult>0</difficult>
<bndbox>
<xmin>17</xmin>
<ymin>274</ymin>
<xmax>1024</xmax>
<ymax>875</ymax>
</bndbox>
</object>
</annotation>