<?xml version="1.0" encoding="utf-8"?>
<annotation>
<folder>dolgonosik</folder>
<filename>dolgonosik 62.jpg</filename>
<path>E:\документы\dolgonosik\images\dolgonosik 62.jpg</path>
<source>
<database>Unknown</database>
</source>
<size>
<width>355</width>
<height>235</height>
<depth>3</depth>
</size>
<segmented>0</segmented>
<object>
<name>dolgonosik</name>
<pose>Unspecified</pose>
<truncated>0</truncated>
<difficult>0</difficult>
<bndbox>
<xmin>62</xmin>
<ymin>42</ymin>
<xmax>310</xmax>
<ymax>178</ymax>
</bndbox>
</object>
</annotation>