<?xml version="1.0" encoding="utf-8"?>
<annotation>
<folder>dolgonosik</folder>
<filename>Вредители, болезни малины и борьба с ними..jpg</filename>
<path>E:\документы\dolgonosik\images\dolgonosik 12.jpg</path>
<source>
<database>Unknown</database>
</source>
<size>
<width>600</width>
<height>450</height>
<depth>3</depth>
</size>
<segmented>0</segmented>
<object>
<name>dolgonosik</name>
<pose>Unspecified</pose>
<truncated>0</truncated>
<difficult>0</difficult>
<bndbox>
<xmin>114</xmin>
<ymin>93</ymin>
<xmax>561</xmax>
<ymax>380</ymax>
</bndbox>
</object>
</annotation>