<?xml version="1.0" encoding="utf-8"?>
<annotation>
<folder>dolgonosik</folder>
<filename>dolgonosik 29.jpg</filename>
<path>E:\документы\dolgonosik\images\dolgonosik 29.jpg</path>
<source>
<database>Unknown</database>
</source>
<size>
<width>1196</width>
<height>2057</height>
<depth>3</depth>
</size>
<segmented>0</segmented>
<object>
<name>dolgonosik</name>
<pose>Unspecified</pose>
<truncated>0</truncated>
<difficult>0</difficult>
<bndbox>
<xmin>146</xmin>
<ymin>41</ymin>
<xmax>1150</xmax>
<ymax>2028</ymax>
</bndbox>
</object>
</annotation>